review_id,element_id,rating,ground_truth,predicted,score,text,reason
"R2BP8Y5OJXKJLF,R218813TNRHNSY,R3VIKEVJ5DBF5G,R2PQNCTR8TQCT4,R3FI11UEJC9ZOJ,R3ULCCZZHBNLA4,RELIQ4H7CYX2Q,R3ALQNTJN4ER9N",5:6c218a69-b37f-472b-850d-2b9772792e4a:1152922604118475038,4.1,Positive,Negative,-0.1887,"Check for offera before buying,18w charging cable,,Awesome cable!Charging, data transfer and durability is simply awesome, and there is not a single disconnection issue, which I always faced in original mi cable from box. Bought 1 more time as last cable damaged when phone fell on usb cable port as my phone is heavy and I never faced any issues so i bought one more time and didn't went for replacement as its waste of time and energy, i also have boat earphones that is also awesome..😄,Good,Charging is very slow. Forget about fast charging. Not useful at all,Cable is not fit properly on my samsung galaxy m31 type C port. If little hit happens then cable is plug it out. Otherwise length and cable quality is very nice,Boat type C cable doesn't support fast charging on Oppo F15, earlier i was using Vooc cable, which worked excellent",Barang Rusak
"R1SN0D4DFBKAZI,R1SX5L77L2CD6V,R1NAZ6M4QBUJMK,R25I5FXOJA76KS,R32V7DQLDSKJ99,R8QWY8HXI120P,R2OZPGGMUCLSC1,R1G4SA1P865EIS",5:6c218a69-b37f-472b-850d-2b9772792e4a:1152922604118475042,4.3,Positive,Negative,-0.8476,"Overall good.,TV picture ok smart betterSound very low another brand,Service provider refuse install my TV, bad service and samsung, I am calling 3 times service provider. Not meet my home address.why ? Bad bad,They product did not come with the support stand or wall hanging hook to install the Tv,Picture quality is very poor in cables,Floor stand does not come with it ... You have to buy it seperately. Request Amazon to cleary mention it in the add . You will have to pay seperate charges for the installation guy to buy the floor mount .,Good,",Sentimen Negatif Umum
"R1SN0D4DFBKAZI,R1SX5L77L2CD6V,R1NAZ6M4QBUJMK,R25I5FXOJA76KS,R32V7DQLDSKJ99,R8QWY8HXI120P,R2OZPGGMUCLSC1,R1G4SA1P865EIS",5:6c218a69-b37f-472b-850d-2b9772792e4a:1155174403932160290,4.3,Positive,Negative,-0.8476,"Overall good.,TV picture ok smart betterSound very low another brand,Service provider refuse install my TV, bad service and samsung, I am calling 3 times service provider. Not meet my home address.why ? Bad bad,They product did not come with the support stand or wall hanging hook to install the Tv,Picture quality is very poor in cables,Floor stand does not come with it ... You have to buy it seperately. Request Amazon to cleary mention it in the add . You will have to pay seperate charges for the installation guy to buy the floor mount .,Good,",Sentimen Negatif Umum
"R2J3Q3BUHJ2S7E,R2H2ELE1DG24VY,R1U1S7X7BPSZBU,R9XVQWX40D175,REHUMWC9Q9EAG,RLEFI0WUITF14,R1M41TK6XDE47C,RUM8TBPKUE5UF",5:6c218a69-b37f-472b-850d-2b9772792e4a:1152922604118475057,4.2,Positive,Negative,-0.9821,"I am posting this after a few weeks of using the product.Usage: Continuous, OTT only, no Cable/Dish operator.Average daily usage: 6-8 hours.The TV is a great value-for-money product.Installation: The installation was simple and Amazon assisted installation was smooth, timely and hassle-free.Picture: The picture quality is not great when compared with the smoothness of a Sony, LG and Samsung with these kind of specs. Movies and especially hi-res TV series experience was somewhat diluted as most of the times, the output, while in hi-res , wouldn't look like a movie quality which we are used to of watching in the likes of Sony, Samsung LG etc however, with time, you get used to it and only realize the difference when you see the same movie at someone else's better TV.Sound: Sound output is decent. You wouldn't need additional support to enhance the volume as such.Remote: Sleek, sensitive and user-friendly. It's exactly like Amazon's remote.OS: Same as any smart Android TV. Works smoothly without much lags or hiccups. Switching apps from one to another takes a a couple of seconds more than Sony but unless you have used to of those performances, it looks just fine.Standalone and as your first smart TV,  you wouldn't find any reasons to not like the quality and it would like hi-res from the beginning. It is a great value for money product without a doubt.However, if you are considering this as an alternative or second TV after owning the better ones in the past, you will have a hard time adjusting with it.,Picture quality is good for this price, didn’t faced any lag on UI and browsing other apps. Only negative will be audio, definitely need a sound bar if u are a frequent movie watcher. Overall worth for money u spend. But the installation process is just awful, Amazon claiming that a trained professional will visit for installation but neither they are trained nor professionals , just read the installation manuals and installed the wall mount which took 4hours for them to buy the wall mount after charging money. No demo given on Tv as they have no idea about the product, these things making to think twice or thrice to buy a tv through online.,Screen looks amazing but problem is with processor I believe. If 4k content is getting streamed on device then we can observe the green screen flickers(not so often but problem exists), even remote control is not good as it take at least 2 sec to react for the user action.Reason why I believe processor is bad because I do 4k gaming using PS5 and never encountered problem with the screen.,If you buy TV in a small town shop, it will be delivered and installed immediately within couple of hours. When you want to buy a TV from Amazon, you need to wait for it to be delivered for couple of days and it is understandable. The problem is with the installation, they take so much time to install that you end up regretting buying the product. It’s like you are hungry and food is in front of you but you can’t eat. So I ordered my TV on Monday, it got delivered on Friday and it will be installed on Monday because of weekend where as there is no concept of weekend in small towns. If we had the technician details, we could reach out  s get it installed but that also will be shared 4 hours before.Regarding product, it’s good quality and very good for a average user. Heavy duty like games and continuous usage on some store will be challenging, I guess.,This TV gives good results within the budget, should definitely buy if the budget is 30k but most important point like to mention is after sales service and also the installation part.1) The installation guy didn’t arrive at very first day that was scheduled, even after rescheduling he didn’t came for installation purpose. So strictly be aware of this point.2) The TV I got in offer with 3k discount on ICICI card but although the product came out defective, it had dead pixel on the display which is very bad after period of time.3) Even after the fault was from seller as it was defective piece I didn’t got the replacement for the product and it’s totally unfair deal by Amazon and the seller too.Final verdict is the TV quality and feature are good but the service from seller and Amazon that is got was very poor inspite I was prime member. The seller DAWNTECH ELECTRONICS PRIVATE LIMITED gives very poor service and feel bad that in such cases Amazon will not help you. Thankyou,Team,Also to be added TV installation services with product while delivering and unboxing. NO need to other sub-vendor to getting installation and demo. Also dependency on third-party involvement should be less.Bad experience with TV installation stuff.Pls look into this .,Picture quality good. Sound quality  not upto my 3xpectations. Not able to find the real Dolby stereo effect. Remote not upto the mark.4 ⭐ for picture quality, 3⭐ for both sound and remote quality,Good quality picture but it hangs on home screen",Isu Harga
"R2J3Q3BUHJ2S7E,R2H2ELE1DG24VY,R1U1S7X7BPSZBU,R9XVQWX40D175,REHUMWC9Q9EAG,RLEFI0WUITF14,R1M41TK6XDE47C,RUM8TBPKUE5UF",5:6c218a69-b37f-472b-850d-2b9772792e4a:1155174403932160305,4.2,Positive,Negative,-0.9821,"I am posting this after a few weeks of using the product.Usage: Continuous, OTT only, no Cable/Dish operator.Average daily usage: 6-8 hours.The TV is a great value-for-money product.Installation: The installation was simple and Amazon assisted installation was smooth, timely and hassle-free.Picture: The picture quality is not great when compared with the smoothness of a Sony, LG and Samsung with these kind of specs. Movies and especially hi-res TV series experience was somewhat diluted as most of the times, the output, while in hi-res , wouldn't look like a movie quality which we are used to of watching in the likes of Sony, Samsung LG etc however, with time, you get used to it and only realize the difference when you see the same movie at someone else's better TV.Sound: Sound output is decent. You wouldn't need additional support to enhance the volume as such.Remote: Sleek, sensitive and user-friendly. It's exactly like Amazon's remote.OS: Same as any smart Android TV. Works smoothly without much lags or hiccups. Switching apps from one to another takes a a couple of seconds more than Sony but unless you have used to of those performances, it looks just fine.Standalone and as your first smart TV,  you wouldn't find any reasons to not like the quality and it would like hi-res from the beginning. It is a great value for money product without a doubt.However, if you are considering this as an alternative or second TV after owning the better ones in the past, you will have a hard time adjusting with it.,Picture quality is good for this price, didn’t faced any lag on UI and browsing other apps. Only negative will be audio, definitely need a sound bar if u are a frequent movie watcher. Overall worth for money u spend. But the installation process is just awful, Amazon claiming that a trained professional will visit for installation but neither they are trained nor professionals , just read the installation manuals and installed the wall mount which took 4hours for them to buy the wall mount after charging money. No demo given on Tv as they have no idea about the product, these things making to think twice or thrice to buy a tv through online.,Screen looks amazing but problem is with processor I believe. If 4k content is getting streamed on device then we can observe the green screen flickers(not so often but problem exists), even remote control is not good as it take at least 2 sec to react for the user action.Reason why I believe processor is bad because I do 4k gaming using PS5 and never encountered problem with the screen.,If you buy TV in a small town shop, it will be delivered and installed immediately within couple of hours. When you want to buy a TV from Amazon, you need to wait for it to be delivered for couple of days and it is understandable. The problem is with the installation, they take so much time to install that you end up regretting buying the product. It’s like you are hungry and food is in front of you but you can’t eat. So I ordered my TV on Monday, it got delivered on Friday and it will be installed on Monday because of weekend where as there is no concept of weekend in small towns. If we had the technician details, we could reach out  s get it installed but that also will be shared 4 hours before.Regarding product, it’s good quality and very good for a average user. Heavy duty like games and continuous usage on some store will be challenging, I guess.,This TV gives good results within the budget, should definitely buy if the budget is 30k but most important point like to mention is after sales service and also the installation part.1) The installation guy didn’t arrive at very first day that was scheduled, even after rescheduling he didn’t came for installation purpose. So strictly be aware of this point.2) The TV I got in offer with 3k discount on ICICI card but although the product came out defective, it had dead pixel on the display which is very bad after period of time.3) Even after the fault was from seller as it was defective piece I didn’t got the replacement for the product and it’s totally unfair deal by Amazon and the seller too.Final verdict is the TV quality and feature are good but the service from seller and Amazon that is got was very poor inspite I was prime member. The seller DAWNTECH ELECTRONICS PRIVATE LIMITED gives very poor service and feel bad that in such cases Amazon will not help you. Thankyou,Team,Also to be added TV installation services with product while delivering and unboxing. NO need to other sub-vendor to getting installation and demo. Also dependency on third-party involvement should be less.Bad experience with TV installation stuff.Pls look into this .,Picture quality good. Sound quality  not upto my 3xpectations. Not able to find the real Dolby stereo effect. Remote not upto the mark.4 ⭐ for picture quality, 3⭐ for both sound and remote quality,Good quality picture but it hangs on home screen",Isu Harga
"R306AVQBBWQ1YE,R2QUKWK9SVJK5Y,R1DC9LG4LVK25,R2AUE6YKA26YXZ,R390FSCLMOWBPU,R2HMOFBLHZ3014,R1U4128PGOJW3J,R1LB6DVEJPMA1Q",5:6c218a69-b37f-472b-850d-2b9772792e4a:1152922604118475113,4.1,Positive,Negative,-0.8288,"It's awesome product. Fast mobile charging cable. I like it.,Good product just wish it was available in black white gets dirty easily.,For a month I had no issues with this, then it started becoming more and more useless. Don't buy it. It looks alright but it is as bad as a local cable. My phone charges slowly, have to disconnect and connect the cables from the ports and reassemble them and still it would reduce the battery. I haven't used a worse cable. Very disappointing and money waste. Also, the packaging was open and not sealed when I recieved it. The seller is a fraud.,Little more grip should be given while plugin out on type-C pin side.so, it can smoothly remove instead of sudden out with little jerk.,first of all it has 'L' shaped port for easy to use while on charge as i'am using it for my car for android auto.over-all its excellent.,https://m.media-amazon.com/images/I/81UCbJvmdmL._SY88.jpg,Realme 6 30W fast charging adapter. Its a slow charging cable vooc not support,Though they call it as fast charging cable, it actually is NOT a fast charging cable.I tried it with my samsung fast charging adapter. Its a slow charging cable, but the look, sturdiness etc are impressive.Planning to return the product.",Ada kata 'Tapi' (Kontras)
"R9PTPIYPJWRIL,R8LD3TIJ6NJ6U,R1T72BEQOOS87D,R1WE2LG38IKMZL,R8K3FFKBEQUL8,REYYFWWGQT2H1,R2HU2LG1GPCLZ8,R2FQGWWXRQC54V",5:6c218a69-b37f-472b-850d-2b9772792e4a:1152922604118475122,4.3,Positive,Negative,-0.2621,"Seems OK. Have not tried it with HD quality videos. Value for money.,Very high and in budget hdmi cable by amazon basic,Nice,I bought this for my android tv stick and it works very good with it.Quality of the cable is very good and rich.It doesn't lose the picture and sound quality of TV stick,It is working as expected,I purchased splitter but it didn’t work properly and ordered for hdmi male female wire which helped me to view sources properly,Good. Serves the purpose. Had to buy this as for some weird reason the amazon firestick (bern working for 3 years) is no longer working when connected to my Samsung TVs HDMI port (all 4 ports). Searching in google did not help as this issue seem to be common with Samsung TVs but with no possible solution. So wanted to check if the firestick works in my computer monitor but the HDMI slot in the monitor was unreachable for a direct connection and hence bought this cable. The firestick worked well with monitor. What's even weirder is the firestick works fine when connected to the same Samsung TV using this cable. Problem solved, although no clue how the hell it got fixed :),The quality of this cable is quite good. Been using it for a couple of months now, to connect a laptop or a desktop to a Dell monitor. Picture quality for Full HD works fine along with sound output, not sure about 4K though since I don't have a 4K monitor. Price should be less than Rs. 250 which I paid, should be in the Rs. 100/- to Rs. 150/- considering the quality and other alternative products available in the brick and mortar stores. If you are willing to pay a bit extra then this is just fine.",Isu Harga
"RLWAYTZH1YOFR,R3IOG04KDBKXTQ,R35LSY4BN61KLY,R2G97CU5VMMLET,R221NM5M3SY0PW,R112AEM8D2X3S7,R3VM7P3773KRV,R3VUA0WWCNQK33",5:6c218a69-b37f-472b-850d-2b9772792e4a:1152922604118475128,4.2,Positive,Negative,-0.6181,"https://m.media-amazon.com/images/I/71SaXlf9TZL._SY88.jpg,Small cable otherwise good,,I like the product.,Quality is good but after a month immediately I lose 9% of battery health so that’s why I stop using it,Not sturdy, cable will break in just weeks,i suggest this product,Nice",Ada kata 'Tapi' (Kontras)
R38OAD16RVS9D4,5:6c218a69-b37f-472b-850d-2b9772792e4a:1152922604118475142,4.3,Positive,Negative,-0.7926,"tv on off not working, so difficult to battery really a bad product",Sentimen Negatif Umum
"R3H60TG402OZD8,R2CJE6HW5IT8NP,R15OCQTCIZTAM2,R189FSK478PCLU,R3CG5XECVMORBQ,RGT4RR0V5DWT3,R20NRWZ90XNLVG,R28JW2A6JPGERW",5:6c218a69-b37f-472b-850d-2b9772792e4a:1152922604118475167,4.1,Positive,Negative,-0.6026,"Good one,Perfect one,I like its built, charging power to my phone is adequate...very good so far,mostly like.*****,Received today duracell charging cable. Depending on customers reviews and duracell brand I purchased this cable. But regret to say that charging speed is very very low.. I charged my tablet and within one and a half hour only 10 percent charged.  Not at all satisfied with the product.,The quality of wire and usb pin is good but it charge mobile little slow than the charger provided with mobile by oppo / real me / samsung.,Was working well but suddenly stopped working within 6 months of purchase.,Best product",Ada kata 'Tapi' (Kontras)
"RN7RYZ9MBIC42,R2N4UBCVLGVVTW,R2E80AM1QM7WZ3,R2R0FUSHO159UF,R1XLVF86V89I0C,RZUSCY8LR0F4K",5:6c218a69-b37f-472b-850d-2b9772792e4a:1152922604118475173,4.4,Positive,Neutral,-0.0179,"Sometimes its simple solutions that come to rescue than a costly alternate from branded companies.  I had my Sony TV in perfect working condition but remote got worn out (kids handled it smoothly LOL).  When i tried to purchase original remote from Sony, i was either not able to find an exact one or the remote itself is costly.  At that point i thought to take risk with this piece of marvel and it worked like a charm.  Smooth operation and no setup needed.  I highly recommend this product.  Go for it :)25th Nov: Stopped responding to my tv. Not working great with my Sony tv. Not recommended,Useful and good quality roduct,Didn't work at all ..faulty,Don't buy.,Good 👍. . . .. .,Fast response and good quality remote.",-
"R2CR72CAK85YA7,R1J7T1CF1601BH,R3IGDXE5UAOW8I,R13C8HGBSHKCE1,R2Y7FN8MCS4PT,R3ERLO7QTMAD3L,R3IEBGTGGSPM9N,R37YEXEGR87GSQ",5:6c218a69-b37f-472b-850d-2b9772792e4a:1152922604118475191,4.1,Positive,Neutral,-0.0161,"I'm using it for Dell 22-inch monitor and I found it difficult to fit, hence I had to visit the fabrication shop to smoothen the corners else it is really good,,Good,Quality of the product is good. But it didn't clearly suit the Samsung monitor I have. I had to remove a specific part behind the monitor and adjusted this wall mount. Till now no issue.,Product is good. I am using Benq ex2780q monitor. Holds well enough but there are only 2 places to screw it in. This makes you doubt sometimes weather this can hold up the weight of the monitor. I have been using it for the past 2 months and haven't faced any issue.Another problem with this montioe is the rubber that is used for rotating the montioe is cheap and gets broken initially only. But replaced with proper nuts and this worked fine for meFinal verdict: good monitor wall mount easily taking 5kg of weight on it.Could have been better if the rubber material and count of screw holes in the wall mount be more,Great product at reasonable rate. Very easy to install. Very sturdy product. Never feel like monitor will fall down.👍🏻,Self install a bit difficult. The plate connecting to monitor could have been removable and drop in clamp . This would make fixing a breeze,It's doing the job well. My 27"" monitor is holding it firmly on the wall.",-
"R1PBLR66RA2JLZ,R2Q6NGR94WBB6N,R2DIHIFERXYMB,R3C50JNQ3ZC6R9",5:6c218a69-b37f-472b-850d-2b9772792e4a:1152922604118475221,4.5,Positive,Negative,-0.9808,"Everything is great. I love this.,Very good and working very nice,First of all, thanks to Amazon for listing it as a returnable item and at an effective cost of less than 3k.Coming to the device itself, the reason for purchasing it is to experience Google TV. On that account, the interface is more useful than the standard Android TV one in terms of discovery, but the listed content is not that relevant.However, it is Realme that lets the user down. The device was bug ridden from the beginning and they basically abandoned the device in 6 months, with the last software update in Feb 2022, still riddled with bugs and never to see Google TV 12.The stick heats up enough to scald you if you touch it and it stutters like crazy after usage of over a day, in part due to the lackluster A35 ARM cores which is lacking in performance compared to A53 cores present in sticks from over 7 years ago, and also due to poor RAM management.Only reason to get it would be for the price, if it is less than 3k, but be prepared to suffer through a laggy interface and the known issues of the remote failing within a few months. Still males more sense to get a Fire TV stick which is more refined and receives more updates, although the interface is a love or hate it one.For the Google TV experience, it is better to go with Google TV with Chrome cast but that costs a bomb in India, for what it offers.,Got ( used ) product.It was trapped and also proformance is twice degrade to fire stick also not sucking wifi well as computer to Fire Stick",Isu Harga
"R3ELQTJOXZNXTV,R3GJXEPLJKBJL5,R2U3H4FR5RI757,R2XK6I1NM00NTD,R7YRJ5LC06RF1,R39R4HSMGQW4PR,R1W4Z589RU74EY,RUKK2PZV0ZTGD",5:6c218a69-b37f-472b-850d-2b9772792e4a:1152922604118475222,4.2,Positive,Negative,-0.4525,"Quality issue..,Good,Cable length is ok , quality is not good . In this price it is ok,Very good & quality product. Reasonable price alsoYour cable easy to replace.,Best quality,Good product but thickness of cable is less,It is very good product.Thank you amazon,Super product",Isu Harga
"RDLKA670FVMKY,RZZB1IDY3USBP,R30B6VRIVHWOIP,R31A5RDIAY3O0R,R26RJ6WBBMVVXJ,R1PZ0SMCXPJO9C,R3QLX0DTF1C3J7,R23GQW7DPSVOA0",5:6c218a69-b37f-472b-850d-2b9772792e4a:1152922604118475237,4.3,Positive,Negative,-0.6542,"Good and easy to use but product life is hell short. It means you have to buy it within next six months.,Good,Better,Quality is good and working as expected.,,Decent replacement cable for my aging external hdd. Works at usb 3.0 speeds,Worst cable. Not working even after replacement. Dont buy guys Manufactured in China.,The USB cable was useless. After logging in this cable, I was not able to transfer data from one laptop too another.",Ada kata 'Tapi' (Kontras)
RQXD5SAMMPC6L,5:6c218a69-b37f-472b-850d-2b9772792e4a:1152922604118475270,5.0,Positive,Neutral,0.0,Quick delivery.Awesome ProductPacking was goodJust opened the productExcited to you it,-
"R98JKKNCSM7B5,R38O9HQOE1G03B,R597Z0G89GU27,RAI7NSHUQO02D,R2W5N0Y7MJX8UC,R1LK91F22JFZ41,R139XIZFXKTMW5,R1X5NW4ANBMMRM",5:6c218a69-b37f-472b-850d-2b9772792e4a:1152922604118475290,4.0,Positive,Negative,-0.0516,"Camera and display is very poor quality and battery 🔋 is very good nothing bad,Nice phone at reasonable price.,Good,NICE,Value for money,Theek hai 🥰,Not bad,Good",Isu Harga
"R98JKKNCSM7B5,R38O9HQOE1G03B,R597Z0G89GU27,RAI7NSHUQO02D,R2W5N0Y7MJX8UC,R1LK91F22JFZ41,R139XIZFXKTMW5,R1X5NW4ANBMMRM",5:6c218a69-b37f-472b-850d-2b9772792e4a:1155174403932160538,4.0,Positive,Negative,-0.0516,"Camera and display is very poor quality and battery 🔋 is very good nothing bad,Nice phone at reasonable price.,Good,NICE,Value for money,Theek hai 🥰,Not bad,Good",Isu Harga
"R98JKKNCSM7B5,R38O9HQOE1G03B,R597Z0G89GU27,RAI7NSHUQO02D,R2W5N0Y7MJX8UC,R1LK91F22JFZ41,R139XIZFXKTMW5,R1X5NW4ANBMMRM",5:6c218a69-b37f-472b-850d-2b9772792e4a:1157426203745845786,4.0,Positive,Negative,-0.0516,"Camera and display is very poor quality and battery 🔋 is very good nothing bad,Nice phone at reasonable price.,Good,NICE,Value for money,Theek hai 🥰,Not bad,Good",Isu Harga
"R2BP8Y5OJXKJLF,R218813TNRHNSY,R3VIKEVJ5DBF5G,R2PQNCTR8TQCT4,R3FI11UEJC9ZOJ,R3ULCCZZHBNLA4,RELIQ4H7CYX2Q,R34K4FWTB5W7AY",5:6c218a69-b37f-472b-850d-2b9772792e4a:1152922604118475354,4.1,Positive,Negative,-0.2724,"Check for offera before buying,18w charging cable,,Awesome cable!Charging, data transfer and durability is simply awesome, and there is not a single disconnection issue, which I always faced in original mi cable from box. Bought 1 more time as last cable damaged when phone fell on usb cable port as my phone is heavy and I never faced any issues so i bought one more time and didn't went for replacement as its waste of time and energy, i also have boat earphones that is also awesome..😄,Good,Charging is very slow. Forget about fast charging. Not useful at all,Cable is not fit properly on my samsung galaxy m31 type C port. If little hit happens then cable is plug it out. Otherwise length and cable quality is very nice,Works as expecte. Can charge as well as do data transfer. Ports fit well. I have been using boat cable for iphone for some years now and they are very durable.",Barang Rusak
"R3673WOUZQ8VY4,R3129KHZHX9V13,RDPHA1Q2BUYT2,R1Z655ELTMOH4N,R1J3D9HLJQKZTS,R2B7BEQ6YQOWVO,R2SF8G03AVZDBK,R9UEQQ3FCV3UD",5:6c218a69-b37f-472b-850d-2b9772792e4a:1152922604118475790,4.3,Positive,Negative,-0.8622,"The sensors has burnt at two point of more than 3mm dia on my wrist upon wearing overnight and I have abandoned using it out of fear.  Had enclosed photos herewith.,Worst to buy, it's belt quality is totally poor, performance is average, not proper tracing of activities and battery life is too average.,Value for money,It's  good,Low batter life,Nice Smartwatch, Big Display, Long Battery Life, Max Features,Good,Good product",Sentimen Negatif Umum
"RMGE5B6FD1FS5,R1FN1REHXYLMZ,R1BL6NYV6D8W1M,RJHBMPZRSI8AJ,R144IGLWP70M8K,RHSVGQWZTK60L,R2M5S0A5M8DPEJ,RWJG2SH0FCSIY",5:6c218a69-b37f-472b-850d-2b9772792e4a:1152922604118475801,4.1,Positive,Negative,-0.1435,"I used this mobile Last 2months overall very good i am very satisfied buying this and no lag no heat you can go for it,Nice phone looking good and over all good for this price,good,Everything is good, but the voice of recorded call is very low.,Fentastik,Good. But brightness level is naturally low in this phone brand,Gud,It lags and hangs a lot and there are too many ads and inbuilt functions in the phone which are very annoying.",Isu Harga
"R3FQMPLCZV75E,R3CXYW32DE2XCE,R3VMIAJI5S2S9M,R33BXR8IIASQCO,R31X014WG1MEMQ,RNZ3UOYY7B2N0,R28IU0P7UBCRG6,R34GOU1HWA68GA",5:6c218a69-b37f-472b-850d-2b9772792e4a:1152922604118475819,4.0,Positive,Negative,-0.4467,"Good for the price,Nice one,Just OK for the price...,BATTERY NOT WORKING,Comfortable and small to useIssue in power supply that melts the charger cable of smart watch,,Pasand,Sleek etc yes, but mine stopped working after 7 months.  It has a moulded outer casing ie no screws to open/repair if it stops working. Replace it in warranty else throw it away..Buy at your own risk.High time Indian consumers got #righttorepair",Isu Harga
"R3FQMPLCZV75E,R3CXYW32DE2XCE,R3VMIAJI5S2S9M,R33BXR8IIASQCO,R31X014WG1MEMQ,RNZ3UOYY7B2N0,R28IU0P7UBCRG6,R34GOU1HWA68GA",5:6c218a69-b37f-472b-850d-2b9772792e4a:1155174403932161067,4.0,Positive,Negative,-0.4467,"Good for the price,Nice one,Just OK for the price...,BATTERY NOT WORKING,Comfortable and small to useIssue in power supply that melts the charger cable of smart watch,,Pasand,Sleek etc yes, but mine stopped working after 7 months.  It has a moulded outer casing ie no screws to open/repair if it stops working. Replace it in warranty else throw it away..Buy at your own risk.High time Indian consumers got #righttorepair",Isu Harga
"R2K3IBMM9I3HQH,RL1H11C1J4W4U,R26GYIVCHR44IY,R2X4UKYY57A9JX,R3J71TYH2ISEUY,R3EX53W4D2TLR9,REY9RHIDKB28T,R2IYAMOBWJY5JC",5:6c218a69-b37f-472b-850d-2b9772792e4a:1152922604118475859,4.5,Positive,Negative,-0.838,"I'm using this mouse from more than 6 months now and It's working great.but the only problem I faced is the big size of it.It looks like the old ball mouse which is quite big in size.Good for gaming by the way.,Working good,by far the best mouse I've used (writing this after 3 days). suits well for daily use; could be a tad bit bigger ...,Been using this mouse for the last 4 years both in office and at home. Suits my hand the best, tried some gaming mouse at 500-800 range but the feel is not good and my wrist starts to hurt on those cheap mice. This one is the father of all mice in that sense as it ticks all the boxes for me. Obviously you cant expect some god like gaming performance but its decent and for everything else it's the best.,Item is good.  No issues,It's Really worthwhile,A bit short in height, clicks and scroll good for home and office use,Easy to use. Rough. Lasts for 4 years+. Affordable.",Ada kata 'Tapi' (Kontras)
"RMJTIHWOEVJ2S,R2EG04BF78FCDN,R2XS7O4CK0KEE5,RDQ894LVO01UH,RO7RFHI6XIDYE,R3J3S08AQQCGNM,R52K5GWEQ070L,R3LXH31GPSHNYD",5:6c218a69-b37f-472b-850d-2b9772792e4a:1152922604118475896,4.2,Positive,Negative,-0.2614,"Nice portable .. liked it..,Reducing one star as packaging was not good.Mouse is big.If you prefer small and travel friendly mice go for someother design.,The mouse looks good, and it is even easy to hold and use due to to it's design. The only issue I found out was with the battery port, the cover for the battery doesn't come off easily and that's the worst part. Also, the battery cover has some opening provided, not sure why.,Ok worthy,Good product,Good deal but big size,Noisy while scrolling,At 1st they send me a used one with missing adapter, than replaced with a new one, previously i was using logi m190 full-size mouse , its wheel stopped working properly within a year ,  thats why i bought this full-size wireless mouse hp x200 @ ₹488 , with 3 years warrenty, clicks are soft on logi also they have increased the price of it from 600 to 1100, but there is no use if it doesn't work properly, let's see ...",Isu Harga
"R15X8TSLB82W2J,R1EI6L4P0NUWLK,R1XPA9CXQ07FQW,RGBXMT5Q7DSGO,R2SRH5XZ5MY04L,R22XW48SVD9N5F,RAYTSZHN0P9H5,R26ULECYB1ZKE1",5:6c218a69-b37f-472b-850d-2b9772792e4a:1152922604118475982,4.0,Positive,Negative,-0.7564,"Typing is easy, comfortable and fast but keyboard is not good for gaming. The buttons when pressed and held down for long time can remain stuck when released. The button itself doesn't stay down but it still keeps working until I press it again. Died in games many times by falling from high places.I had this same issue in my old hp pavilion laptop keyboard too actually. Something they should have a look into.,I am using 6 month.This is now performing good and smooth.very good product.,Good product,Lack of led for power level,  caps and numlock is a big headache.,keyboard doesn't have that much tactile feel like my wired HP keyboard. definitely looks good & works perfectly. mouse is a bit small compared to wired ones. not sure about battery. just started using it.,I buyed it,I am working with it, and it's good.,Nice product",Ada kata 'Tapi' (Kontras)
"R2ATT3WQL0UB7P,R1VHI2ZGJSCFVO,R1UHC2M2KPN7W4,RL2IQ53WUNMXA,R2ZU0WUMZ3CLX6,R3C01TBTCD6UB0,R17G6J6XU7GMYG,R2TLAX7VNYS983",5:6c218a69-b37f-472b-850d-2b9772792e4a:1152922604118476034,4.2,Positive,Negative,-0.9273,"I've been using the watch for a while now and I got to say I love it. The battery lasts around 4-5 days not 10 days, you do get around 10 day battery life if you disable all features of the Watch. Overall I like the call quality and display touch.,I got this product today and watch is great in budget and performance there's only one major problem that the button is not good but the other things are like speaker mic display etc. Are good.,The watch is good but the product that I got was defective after talking to the fire bolt company they give me new watch watch is value for money go for it.,The watch is stylish sleek and built quality is good.in this price range it's a catch,All over good but volume increase and decrease not working while play the music.,I gv this feedback after using 3 months.. good watch. Lekin jab recive kia, watch on tha☹️ pm me Alarm lagana bohut zaroori hota he. But nhi lagte he. Sirf am me lga skte hai. very disappointed😖 baki battery backup is good 👍 looks achcha hai👌comfortable hai,It’s a good watch but not switching on right now due to some issue,Amazing watch amazing colour! Just bought yesterday, will share feedback again after the usage.",Isu Harga
"R1NXQAUJ3LO3OW,R1MWEBTA35BES8,R2OTG33BME1DP2,R2ADKUIQDNC4CS,RXCSU83UL85LG,R1IU2CXD6J2VT9,RXCA5L1FET3BK,R2PXB1JH0VU4MO",5:6c218a69-b37f-472b-850d-2b9772792e4a:1152922604118476090,4.4,Positive,Negative,-0.5688,"Nice combination for color sketches,It glides great but is sometimes not..,Smells bad when you open it,Cap grip not good,All good just the little messed up,Gel ink is good, but the cap isn't tight enough, keeps coming off,I literally like the flow which is smooth like butter. Plus this also contain golden and silver shades 👍,https://m.media-amazon.com/images/W/WEBP_402378-T2/images/I/71J4WF7wTSL._SY88.jpg",Ada kata 'Tapi' (Kontras)
"R1FUZJ0GWDCLUS,R3VJ1YSW5XZI0D,R2659C1LEZY2BE,R2SCWNAAVSIAY,RUV07628Q4D75,RZ10G9SIHUWRY,R1I8JVDSJD2ODS,R3NGRQVZQY9RYR",5:6c218a69-b37f-472b-850d-2b9772792e4a:1152922604118476131,4.1,Positive,Negative,-0.2942,"Not a smudge proof but gives a gorilla glass feel. Lovely product!,Not smudge proof leaves a lot of finger print marks, rest is ok,Very Nice,Proper fit and doesn't let in bubbles if you know how to install a tempered glass. Definitely not smudge proof but no scratches observed till now.,Good screen protector, almost cover entire screen just few millimeter sapce gets left form edges,Nice glass,,Saying good bye to delivery of poor quality product and Amazon current policies to run away by providing poor product and poor resolution to complaints. Go and buy products from market.",Pengiriman Lama
"R3I568NWPF5187,R19KS9NAHZME09,R384JBLG7VAYNP,R3T6PJ40WKL2M2,R2HOVG7RABKNQ7,R2PVJY6ZKTLSAS,R2PIAZDEUTARUA,R8S61DB3WGBVT",5:6c218a69-b37f-472b-850d-2b9772792e4a:1152922604118476134,4.2,Positive,Neutral,0.0,"Pages are small,Okay okay,Best product but size is too small,,Quality is goodGreat notebook,Beast paper and spring,Good,https://m.media-amazon.com/images/I/71wZSQwwaGL._SY88.jpg",-
"R1JB53IQ0AXIHW,RPKOAVSXXPSKU,R3AIW6ZYB8OS8W,R1FANNDP3KWHH8,R2ESITUL5GM8WX,R39Y7SUMSOWEBW,R6EAH6XUMX4SX,RXPO6LV61TV1T",5:6c218a69-b37f-472b-850d-2b9772792e4a:1152922604118476136,4.4,Positive,Negative,-0.2755,"Standard calculator. What you expect from a 12Digit calculator. Nothing more, nothing less,Excellent product,Good.,I Like this product. The product is genuine onky,Super product,Very good,Very average product,No issue with the product.",Sentimen Negatif Umum
"R17OSOGCSZ1TU1,R2V3IDY4X5DO07,R10YPJXXLIT9PF,R2NI83SF805SZB,R2O53KW0B4KLDY,R24235I5D6EXHG,R2ATCM75K287E3,R15Z1PSJ93SSWJ",5:6c218a69-b37f-472b-850d-2b9772792e4a:1152922604118476150,4.5,Positive,Neutral,-0.0344,"I often use classmates for my daily work which are absolutely brilliant,,Product is good. But,packaging is worst. It was just packed in a thin papar of Amazon. Both the sides were torn completly, monsoon has started and it's common sense that packaging should be done accordingly, and day by day Amazon's packaging becoming worst, I'm very unsatisfied with Amazon this time, fortunately products were not damaged. Delivery was good.,Good,It's really helpful for a writing some stuffs on it . Paper quilty are great . And size also fair .  No of pages also fair .,Pages are to good.,At this cost, 3, notebook of Classmate, Amazing,Khata quality is good but expensive than offline market and it takes carrying cost of Rs. 40 as delivery charges from me.",-
"R1TJKL76C0W8AT,RI1F2WGK4HN7I,RC05PR7RHAM9E,R1LKX7E6XKVV27,R2FOPD4PXWCP5N,R2URWEN1QK21IU,R37JHQEP9ROA6N,R3DE3ZEHY39HOR",5:6c218a69-b37f-472b-850d-2b9772792e4a:1152922604118476157,4.3,Positive,Neutral,0.0,"It was what I expected.  Does the job.,Recommended.,Nice quality and durable,It is exact same volt and watt as my old charger is.,Best product in this price and overall ok,100% Original,Quality assurance,Decent performance",-
"R2I07NZ3TO67ZS,R1TFPBGO0PT14P,R7XWY4BKE5UP3,R2O91G56I5D5YG,R2AXSATZZSSY51,R1V45KR4JDINGH,R28IIWM1MJ40FD,R1T583O5CK7Y4T",5:6c218a69-b37f-472b-850d-2b9772792e4a:1152922604118476163,4.0,Positive,Neutral,-0.0387,"As per expectations,At this price point, guide stickers should be provided. Installation without those guide stickers is challenging for lay person. I ended up having to lift up the sticker several times to realign in and this resulted in imperfections in few places and so now there are bubles that I can't do anything about.,Suits correctly. Good quality for money,Ok,Liked the product and packaging was very impressive,Quality-wise and usage-wise the glass is fine but the alignments are not proper for my tablet.In Samsung Galaxy Tab A8 (2022), the glass alignment (centering) nearby the front camera is not proper (refer to my pictures uploaded).Rest is fine.,Perfect fi. No bubble or smudge but the price is a bit on higher side. Otherwise OK.,Good",-
"R352VUE5QTHFFF,R2RC6R2E0OMNQ9,RJ12UME7RFM5D,R22YTLRMKBWQM,R3BTY7HUJDNKG8,R3R812J0VVBD0A,R32X1CLMKWWKDE,R12N4I2XRPP114",5:6c218a69-b37f-472b-850d-2b9772792e4a:1152922604118476668,4.0,Positive,Negative,-0.8605,"During winter it keeps room temperature hot which reduced cold. We really enjoy the product,If your place is air tight this 9 fin Radiotor heater will be enough. But my place is not air tight that's why I am not satisfied.,Product could use a user manual.Number of fins required for so and so size of rooms needs to be described,Can not working. We are just using it without fan. Don’t have patience for exchange/return now.,Overall good,Good 9 Fin Oil Filler Room Heater from Morphy Richards. Reduced one star as there is no PTC Fan in this. Remaining all features working as expected.,Good product. Used 10 kWh unit electricity for full night run in Agra with min temperature at 7degrees. Keeps the small 10x10 foot room warm enough to be able to sit in light jacket.Heats up room slowly as expected, unlike coil based heaters. But less danger and doesn't impact skin.Easy to setup the rollers.For a bigger room, go for 11fins model and not 9 fins model.,People who are saying that screws didn't come. Please check under lower thermocol. Screws are there. I raised return request bought new Morphy richards from store and found this thing. So cancelled the return request. I got 2 now because of this issue. Why Morphy richards? Why hiding it away where people are not able to find it?Overall product is really good, please go for it.",Ada kata 'Tapi' (Kontras)
"R35LX6CSWTNYSC,R1CUUHI7XOHG6J,R1GBNN50EN0PFS,R3NOMC4L51HI68,R1YMZK0C9NM9TJ,R17GMX3E73L0PD,R3T6DF21D1TVYC,R37MXBYQP6B9UG",5:6c218a69-b37f-472b-850d-2b9772792e4a:1152922604118476863,4.3,Positive,Negative,-0.9399,"I was very impressed by the quality of this basket - I found it sturdier than Cello brand's laundry basket. I ordered one more basket in black but unfortunately the finish of the product on the inside wasn't smooth. I wanted to store washed laundry in the second one but the basket's interior didn't have a smooth finish - had scratches and plastic sticking out that could damage delicate clothes. I returned the second one. I am deducting a star because my second purchase experience wasn't good. I might buy the same product again in the hope that I get a product of the same quality as my first purchase.Update after ordering the basket for the third time - The third basket's rim was bent so I couldn't fit the lid but the baskets finish was perfect. I persevered and requested and exchange and on the fourth attempt, I finally got a good quality basket for storing washed laundry.,Plastic quality is good sturdy build overall good purchase reasonable pricing,Cover could be fit better,https://m.media-amazon.com/images/W/WEBP_402378-T2/images/I/613anWf4JBL._SY88.jpg,Good capacity but bad finishing and bit pricey. Cheap quality too.,Good but not any packing,It does the job. The capacity is huge and you can easily store 1 week's laundry. The top is detachable,The lid of the basket is not that strong and ite just comes out all the time and I have to fix it again and again.",Isu Harga
"R2TWO1XR7BGSHO,R1683BA4KIYFUI,R2BTLKVDN71QOW",5:6c218a69-b37f-472b-850d-2b9772792e4a:1152922604118476865,4.1,Positive,Negative,-0.296,"Like and happy,,Please don't buy this heater, it stopped working in just 2 days.... And not able to return the product also... Waste of money",Sentimen Negatif Umum
"RU0EQUWAQWSU6,R2R99SCVYQYHPL,R7O3R0R2OR9EZ,R1EO91IQFDEPU8,RMYWUK6J83TM9,R3GV3HMKR68771,R3MB7ZUKQPAQ1C,R1QKEORLV97GNT",5:6c218a69-b37f-472b-850d-2b9772792e4a:1152922604118476953,4.0,Positive,Negative,-0.9769,"Good service,Good,I like this product,taste is also good 👍👍,Worth for money product.,Ok,I am updating my review, hope it will get published and the who's and who of the brand will pay attention to it. After every two to three months the unit is having problem with the inlet system. Many a times, the inlet stops taking water but the indicator shows tank filling! It was rectified by the service person. Again, now the indicator showing tank filling while the inlet valve is shut! It should show the purple light means low or no pressure. It's a faulty unit. The installation guy and the service persons were right who stated that the faulty and low quality units are sold online, whose statement I ignored thinking that every offline seller says so. Alas, I was wrong. I want this unit to be removed immediately and want my hard earned money back.,At this price this product is very suitable.,Esy to install",Isu Harga
"R18A1K5678ELRR,R3VBWUYTKOOUQ7,R320E1OP4NVG4E,R10EY3S2UI2CVF,R3TWPYZY4WV9SK,R2GYN2RG5YXY61,R2Y6MTG252PZ9P,R1IM78YLKWJZ1B",5:6c218a69-b37f-472b-850d-2b9772792e4a:1152922604118476976,4.0,Positive,Negative,-0.8836,"I have been using this Geyser for almost two months. it heats up the water in just 15 minutes and quite power efficient. Uses almost half a unit for two person. And if you leave it on for the whole day its around 1 unit. Very power efficient. And looks stylish in the bathroom and due to the form factor doest take much space. Go for it . You get all the pipes and Installation material in the box so no need to buy them separately which is the case in some other models.,I had 2 option while purchasing this geyser, Havells vs this one. I opted this one as this was cheaper then its Havell's counterpart but this geyser does not satisfies me at all. The only PROS is its heats up water very quickly but rest is all CONS.I keep the know to maximum temperature but still the light does not move from orange to red even if I put on the geyser for 3 hrs. It does not holds hot water for long. I have used Recold, AO Smith even Amica earlier they were not as quick as Crompton but they used to hold hot water for long. I have another Havells at home whose light goes from green to orange to red to display water temperature.,Paisa wasul hai,The product is not that good , just given 5 star energy efficient, but it takes more time to heat the water, also don’t holds hot water for atleast 6 hrs. Temperature control also not so good , after getting 2-3 liters itself , water becomes cold, even if it is on from 20 min,I’m using ao smith geyser in our one room from five years, no issue, again purchased 2 geysers for other two rooms , one is ao smith and other is this crompton, even though i spend more for this geyser I’m not satisfied. Better go for ao smith or racold..,,Waranty card are missing.,एक होम गीजर में जो होना चाहिए वो सब कुछ है सबसे अच्छी बात है पावर आफ होने के बाद भी गीजर के टेंक में बचा पानी 8 घंटे तक भी गर्म रहता है।,Good product using since 2 months working properly",Ada kata 'Tapi' (Kontras)
"R1HD4L4O8FYBVJ,R1DSP7AK9O1EG0,R3F6O9LJWF9UGP,R1WGQ33LIJEOSH,R3NQC64D2P7Q16,R1H44VOQWJQYKK,RVLTVX5PB83WB,R372RHOH38PJ9W",5:6c218a69-b37f-472b-850d-2b9772792e4a:1152922604118477000,4.1,Positive,Neutral,0.0148,"An easy-to-use coffee filter at a reasonable price.,Value for money, fit and finish is good,Good for 3 glasses of filter coffee.,I am relishing the original filter coffee taste in North India.,I give it 5 stars as it is the same as shown and good and easy to use.,I mostly have instant coffee but this time I bought some filter coffee from Araku Valley during my visit. I was not aware of the process that you can't have it like the normal coffee so I tried it like normal one and it failed miserably because the coffee seeds won't get dissolved there is no coffee smell in it. Then I went online to understand the process where I came to know about this coffee maker. I bought it for 2cup coffee which cost me 299/-. You can get bigger one also for 4 or 6 cup. You can go through the process of how to make south Indian filter coffee online. To me it does job very efficiently and finally I am able to have a good cup of filter coffee. Now about the product it's not premium quality steel but it's a decent one and it's very easy to use. You fill the filter in morning and you can have the raw extract till night. So to me it's a value for money if you want to try filter coffee.,The press doesn't work perfectly but does the job. Size is small, you can only make one cup.,The steel quality is world class. Gives a proper filteration",-
"RET6MLCT292IA,R28KTF1812QBSY,RSQKDGLTZET66,R27B4L6ORUNWP0,RVAY1H2CHPFD5,R3H5NH63Y26SZ7,R2OQU5R4OZWFTT,R3UXSYW0X740ED",5:6c218a69-b37f-472b-850d-2b9772792e4a:1152922604118477059,4.2,Positive,Negative,-0.7768,"A reasonably good product,,A bit costly for me,,Using since 1 year . No problem faced.sound is normal.,The shape does not fit where i want to get it installed. I want the round one. Can i get it exchanged or returned please?,Easy to use,Good product but the speed is a bit low. Hence less suction power. Very low noise.",Isu Harga
"R39Q2Y79MM9SWK,R3079BG1NIH6MB,R29A31ZELTZNJM,RQ7XAO5UTJQZT,R223OFAZGIK4X7,R27WMZV25K3TN1,R302QB4GVL3F8T,RBZRSE5J6HCF3",5:6c218a69-b37f-472b-850d-2b9772792e4a:1152922604118477091,4.0,Positive,Negative,-0.296,"I have installed this in my kitchen working fine is just fan speed is very slow could have been faster but not it is slow thats the reason this exhaust smoke very slow but it does exhaust.,Good quality,https://m.media-amazon.com/images/W/WEBP_402378-T1/images/I/61izko3RxDL._SY88.jpg,speed could have been little bit more,,Beat performance this product.,Connecting wire is too short,Super",Ada kata 'Tapi' (Kontras)
